TestNo,TestName
1,org.jsoup.parser.CharacterReader_ESTest.test00
2,org.jsoup.parser.CharacterReader_ESTest.test01
3,org.jsoup.parser.CharacterReader_ESTest.test02
4,org.jsoup.parser.CharacterReader_ESTest.test03
5,org.jsoup.parser.CharacterReader_ESTest.test04
6,org.jsoup.parser.CharacterReader_ESTest.test05
7,org.jsoup.parser.CharacterReader_ESTest.test06
8,org.jsoup.parser.CharacterReader_ESTest.test07
9,org.jsoup.parser.CharacterReader_ESTest.test08
10,org.jsoup.parser.CharacterReader_ESTest.test09
11,org.jsoup.parser.CharacterReader_ESTest.test10
12,org.jsoup.parser.CharacterReader_ESTest.test11
13,org.jsoup.parser.CharacterReader_ESTest.test12
14,org.jsoup.parser.CharacterReader_ESTest.test13
15,org.jsoup.parser.CharacterReader_ESTest.test14
16,org.jsoup.parser.CharacterReader_ESTest.test15
17,org.jsoup.parser.CharacterReader_ESTest.test16
18,org.jsoup.parser.CharacterReader_ESTest.test17
19,org.jsoup.parser.CharacterReader_ESTest.test18
20,org.jsoup.parser.CharacterReader_ESTest.test19
21,org.jsoup.parser.CharacterReader_ESTest.test20
22,org.jsoup.parser.CharacterReader_ESTest.test21
23,org.jsoup.parser.CharacterReader_ESTest.test22
24,org.jsoup.parser.CharacterReader_ESTest.test23
25,org.jsoup.parser.CharacterReader_ESTest.test24
26,org.jsoup.parser.CharacterReader_ESTest.test25
27,org.jsoup.parser.CharacterReader_ESTest.test26
28,org.jsoup.parser.CharacterReader_ESTest.test27
29,org.jsoup.parser.CharacterReader_ESTest.test28
30,org.jsoup.parser.CharacterReader_ESTest.test29
31,org.jsoup.parser.CharacterReader_ESTest.test30
32,org.jsoup.parser.CharacterReader_ESTest.test31
33,org.jsoup.parser.CharacterReader_ESTest.test32
34,org.jsoup.parser.CharacterReader_ESTest.test33
35,org.jsoup.parser.CharacterReader_ESTest.test34
36,org.jsoup.parser.CharacterReader_ESTest.test35
37,org.jsoup.parser.CharacterReader_ESTest.test36
38,org.jsoup.parser.CharacterReader_ESTest.test37
39,org.jsoup.parser.CharacterReader_ESTest.test38
40,org.jsoup.parser.CharacterReader_ESTest.test39
41,org.jsoup.parser.CharacterReader_ESTest.test40
42,org.jsoup.parser.CharacterReader_ESTest.test41
43,org.jsoup.parser.CharacterReader_ESTest.test42
44,org.jsoup.parser.CharacterReader_ESTest.test43
45,org.jsoup.parser.CharacterReader_ESTest.test44
46,org.jsoup.parser.CharacterReader_ESTest.test45
47,org.jsoup.parser.CharacterReader_ESTest.test46
48,org.jsoup.parser.CharacterReader_ESTest.test47
49,org.jsoup.parser.CharacterReader_ESTest.test48
50,org.jsoup.parser.CharacterReader_ESTest.test49
51,org.jsoup.parser.CharacterReader_ESTest.test50
52,org.jsoup.parser.CharacterReader_ESTest.test51
53,org.jsoup.parser.CharacterReader_ESTest.test52
54,org.jsoup.parser.CharacterReader_ESTest.test53
55,org.jsoup.parser.CharacterReader_ESTest.test54
56,org.jsoup.parser.CharacterReader_ESTest.test55
57,org.jsoup.parser.CharacterReader_ESTest.test56
58,org.jsoup.parser.CharacterReader_ESTest.test57
59,org.jsoup.parser.CharacterReader_ESTest.test58
60,org.jsoup.parser.CharacterReader_ESTest.test59
61,org.jsoup.parser.CharacterReader_ESTest.test60
62,org.jsoup.parser.CharacterReader_ESTest.test61
